jan,jan$2021,cast,signed,vice,country,biden$said,united$states,donald$trumps,video$shows,mailin,ukraine$president,machines,,,,,
audit,border,announced,secretary,congress,federal,results,said,president$volodymyr,video$shows,united$states,vice$president,biden$said,march$2021,,,,
april,president$trump,biden$said,democratic,members,elections,wisconsin,ballot,stolen,second,kamala,didnt,got,march,allow,bill,,
gas,didnt,capitol,mike,vice$president,president$biden,volodymyr$zelenskyy,president$volodymyr,march$2021,voter$fraud,election$results,kamala$harris,prices,mail,,,,
inauguration,afghanistan,registered,trumps,president$trump,vice$president,biden$said,donald$trumps,march$2021,ukrainian$president,voter$fraud,maricopa$county,,,,,,
national,virginia,country,mailin$ballots,photograph,would,democratic,son,lost,results,ballot,democrat,stolen,recall,2022,day,,
day,took$office,laptop,son,barack,helped,ukrainian$president,united$states,vice$president,voter$fraud,election$results,volodymyr$zelenskyy,supreme$court,,,,,
court,history,america,year,supreme,rescue,absentee,100,congress,vice$president,2022,kamala$harris,voter$fraud,election$results,,,,
senate,elections,bill,prices,federal,called,working,2022,kamala$harris,took$office,united$states,voter$fraud,march$2021,donald$trumps,,,,
video$shows,pipeline,mailin$ballots,march$2021,november,pennsylvania,volodymyr$zelenskyy,took$office,kamala$harris,united$states,biden$said,donald$trumps,ukrainian$president,,,,,
march,volodymyr,ukrainian,ago,donald$trumps,dead,covid19,president$biden,mailin$ballots,united$states,president$trump,kamala$harris,march$2021,volodymyr$zelenskyy,,,,
united,democrat,russian,results,democratic,presidency,photograph,members,took$office,video$shows,president$trump,vice$president,ukrainian$president,rolls,mailin,,,
republicans,rigged,election$results,says$joe,time,early,prices,barack,lost,son,would,could,ballot,stolen,2022,second,harris,got
voter$fraud,candidate,obama,passed,years,barack,history,took$office,ukrainian$president,march$2021,kamala$harris,volodymyr$zelenskyy,supreme$court,elected,,,,
united$states,mail,democratic,members,would,ballot,recall,rigged,wisconsin,could,military,second,harris,kamala,didnt,said,,
number,zelenskyy,stolen,covid19,ukraine$president,left,early,united$states,kamala$harris,donald$trumps,maricopa$county,absentee,registered,prices,volodymyr$zelenskyy,mail,supporters,
military,law,lost,members,stolen,ballot,could,allow,secretary,day,2022,march,would,elected,rolls,president$biden,,
wisconsin,act,harris,weve,oil,absentee,kamala,100,volodymyr$zelenskyy,kamala$harris,biden$said,vice$president,sen,supreme$court,prices,,,
ballot,machines,pennsylvania,left,united$states,president$trump,march$2021,vice$president,biden$said,absentee,mailin,registered,stolen,supporters,,,,
mailin,elected,president$volodymyr,vice$president,ukrainian$president,impeachment,president$biden,maricopa$county,capitol,barack,president$trump,march$2021,virginia,audit,registered,rolls,supreme$court,